{
  "0": {
    "1": 68.000587,
    "2": 24.156390,
    "3": 567
  },
  "1": {
    "1": 67.988134,
    "2": 24.114210,
    "3": 494
  },
  "2": {
    "1": 67.973268,
    "2": 24.115814,
    "3": 570
  },
  "3": {
    "1": 67.978959,
    "2": 24.121150,
    "3": 507.0
  }
}